{
    "loss": 0.8673802614212036,
    "accuracy": 0.8534482717514038
}